folio_display,div_id,categories,heading_tc,heading_tcn,heading_tl,pl_tl,latitude y,longtitude x   ,coordinates,env_tl
1r,p001r_1,lists,[Liste de noms],[Liste de noms],[List of names],"Rue de la Heaumerie, at the sign of St Claude;Faubourg Saint-Germain;Rue des Escrivains;St Jacques de la Boucherie",48.850058,2.349898,48.850058;2.349898,
,,,,,[List of names],Faubourg Saint-Germain,48.8544,2.3056,48.8544;2.3056,
,,,,,[List of names],Rue des Escrivains,48.858039,2.2945,48.858039;2.2945,
,,,,,[List of names],St Jacques de la Boucherie,48.858,2.3487,48.858;2.3487,
1r,p001r_2,lists,[Liste],[Liste],[List],Eleusinï¿,,,;,
1r,p001r_3,lists,[Liste de livres et d'autheurs],[Liste de livres et d'autheurs],[List of books and authors],Ingolstadiensis;urb. rom.;italie;Lyon;Alexandria;Normandie,,,;,
,,,,,[List of books and authors],Ingolstadiensis,48.7667,11.4226,48.7667;11.4226,
,,,,,[List of books and authors],;urb. rom.;,,,;,
,,,,,[List of books and authors],italie,41.9028,12.4964,41.9028;12.4964,
,,,,,[List of books and authors],Lyon,45.764,4.8357,45.764;4.8357,
,,,,,[List of books and authors],Alexandria,31.2001,29.9187,31.2001;29.9187,
,,,,,[List of books and authors],Normandie,48.8799,0.1713,48.8799;0.1713,
1r,p001r_4,lists,[Liste de livres],[Liste de livres],[List of books],Romï¿,41.9028,12.4964,41.9028;12.4964,
1v,p001v_1,medicine,Pour lascher le ventre,Pour lascher le ventre,For loosening the belly,Saint Antonin,44.1511,1.7561,44.1511;1.7561,
2v,p002v_1,lists,[Liste de livres],[Liste de livres],[List of books],Brescia,45.5416,10.2118,45.5416;10.2118,
2v,p002v_2,stones,esmeraldes  de Brissac,Esmeraldes de Brissac,Emeralds of Brissac,Brissac,47.3535,-0.449,47.3535;-0.449,
3r,p003r_1,stones,Coral contrefaict,Coral contrefaict,Counterfeit coral,Venice,45.4408,12.3155,45.4408;12.3155,
3r,p003r_2,varnish,Vernis pour tableaulx,Vernis pour tableaulx,Varnish for panels,Venice,45.4408,12.3155,45.4408;12.3155,in the shade;in the sun;rain
5r,p005r_1,casting;metal process;practical optics,Mirouers dacier,Mirouers dï¿½ï¿½ï¿,Steel mirrors,Venice,45.4408,12.3155,45.4408;12.3155,
6r,p006r_1,painting,Pour poser et assoir dor bruny et donner  rouge ou verd ou bleud,Pour poser et assoir dï¿½ï¿½ï¿½or bruny et donner  rouge ou verd ou,For laying down and seating burnished gold and giving red or green or blue,armeni;Venice,,,;,in the rain
,,,,,For laying down and seating burnished gold and giving red or green or blue,armeni,,,;,
,,,,,For laying down and seating burnished gold and giving red or green or blue,Venice,45.4408,12.3155,45.4408;12.3155,
9r,p009r_1,cultivation,Laboureur,Laboureur,Plowman,Gascony;France,,,;,in the cool & by moonlight
,,,,,Plowman,Gascony,43.21,2.35,43.21;2.35,
v,,,,,Plowman,France,,,;,
10r,p010r_2,painting,Scudegrun,Scudegrun,Stil de grain yellow,Lyon,45.764,4.8357,45.764;4.8357,
11r,p011r_1,painting,Paindre a huile desmail dazur,Paindre ï¿½ï¿½ huile dï¿½ï¿½ï¿½esmai,Painting esmail dï¿½ï¿½ï¿½azur ,Germany,51.1657,10.4515,51.1657;10.4515,veins of the mountain
12r,p012r_4,casting,Plastre,Plastre,Plaster,Albi,43.9251,2.1486,43.9251;2.1486,mountains
12v,p012v_1,casting,Mouler le stuc promptem{en}t,Mouler le stuc promptem{en}t,Molding stucco promptly,Armenian,40.0691,45.0382,40.0691;45.0382,
13v,,,,,"ýýýCandlemakers never make a good candle when the Autan wind blows because the candle always tends to melt, however good the tallow they use for itýýý",Autan Wind blows off the mediterranean,,,,
16v,p016v_5,household and daily life;preserving,Chandelles,Chandelles,Candles,Montauban,44.0221,1.353,44.0221;1.353,cool & dry place
17r,p017r_1,arms and armor,Du canonier,Du canonier,On the gunner,Montpellier;Montpellier;Montpellier;France;Toulouse;La Rochelle,,,;,ditch casemates;private houses;small towns;fortresses of little importance;casemates;trenches;edge of the ditch;gabions;garrets topped with a tower;city;city;barricade;house or elsewhere;cities;houses;walls;tower;houses;houses
,,,,,On the gunner,Montpellier,43.6108,3.8767,43.6108;3.8767,
,,,,,On the gunner,Toulouse,43.6047,1.4442,43.6047;1.4442,
,,,,,On the gunner,La Rochelle,46.1603,-1.1511,46.1603;-1.1511,
20r,p020r_2,glass process,Vitrier,Vitrier,Glassworker,Lorraine;Lorraine;France;Lorraine,48.8744,6.2081,48.8744;6.2081,
20v,p020v_5,household and daily life,Commu{n} dire,Commu{n} dire,Common saying,Rodez;Albi;Mende;Toulouse;France,,,;,church
,,,,,Common saying,Rodez,44.3494,2.576,44.3494;2.576,
,,,,,Common saying,Albi,43.9251,2.1486,43.9251;2.1486,
,,,,,Common saying,Mende,44.5176,3.5019,44.5176;3.5019,
,,,,,Common saying,Toulouse,43.6047,1.4442,43.6047;1.4442,
24v,p024v_1,arms and armor,Pour mener le canon en pays,Pour mener le canon en pays,For bringing a cannon over land,France,46.2276,2.2137,46.2276;2.2137,land;fortified towns;poorly fortified towns
27v,p027v_4,arms and armor,2 quint{als}          tire de long          une cane qui          sont 8 pans              de monpelier,"2 quint{als},          tire de long          une cane, qui          sont 8 pans              de Monpelier","2 quintals, is one cane long, which is 8 Montpellier pans",Montpellier,43.6108,3.8767,43.6108;3.8767,
28v,p028v_1,casting,Pintiers,Pintiers,Pewterers,England;Germany;bonnes villes,,,;,mine;bonnes villes;countryside
,,,,,Pewterers,England,52.3555,-1.1743,52.3555;-1.1743,
,,,,,Pewterers,Germany,51.1657,10.4515,51.1657;10.4515,
,,,,,Pewterers,Bonnes Villes,,,;,
29r,p029r_1,casting,Stuc pour mouler,Stuc pour mouler,Stucco for molding,Rome,41.9028,12.4964,41.9028;12.4964,in the open air;in the serain
30r,p030r_1,metal process;practical optics,Plomb,Plomb,Lead,Germany;Lyon;Nuremberg,,,;,
,,,,,Lead,Germany,51.1657,10.4515,51.1657;10.4515,
,,,,,Lead,Lyon,45.764,4.8357,45.764;4.8357,
,,,,,Lead,Nuremberg,49.453889,11.0775,49.453889;11.0775,
31r,p031r_3,varnish,Vernis durant a leau,Vernis durant ï¿½ï¿½ lï¿,Varnish resistant to water,Flanders (ghent),51.053611,3.725278,51.053611;3.725278,in the rain;in the rain;in the rain
32r,p032r_1,arms and armor,Corps de cuirasse,Corps de cuirasse,The body of the cuirass,Milan,45.466944,9.19,45.466944;9.19,
32r,p032r_2,painting;varnish,Painctre,Painctre,Painter,Flemish,51.053611,3.725278,51.053611;3.725278,
32v,p032v_1,dyeing;household and daily life,Faiseur de natte,Faiseur de natte,Mat maker,Toulouse,43.6047,1.4442,43.6047;1.4442,partition walls of rooms
32v,p032v_2,glass process,Vitrier,Vitrier,Glassworker,Germany,51.1657,10.4515,51.1657;10.4515,
32v,p032v_3,casting,Fondeur,Fondeur,Founder,Germany,51.1657,10.4515,51.1657;10.4515,
36v,p036v_3,glass process,Verre de vitriers,Verre de vitriers,Glassworkersï¿½ï¿½ï¿½,Lorraine;Flanders;England;Rouen;France;Lorraine;Lorraine,,,;,
,,,,,Glassworkersï¿½ï¿½ï¿½,Lorraine,48.8744,6.2081,48.8744;6.2081,
,,,,,Glassworkersï¿½ï¿½ï¿½,Flanders,51.053611,3.725278,51.053611;3.725278,
,,,,,Glassworkersï¿½ï¿½ï¿½,England,52.3555,-1.1743,52.3555;-1.1743,
,,,,,Glassworkersï¿½ï¿½ï¿½,Rouen,49.442778,1.088611,49.442778;1.088611,
,,,,,Glassworkersï¿½ï¿½ï¿½,France,48.85,2.35,48.85;2.35,
37v,p037v_3,stones,Ambre jaulne,Ambre jaulne,Yellow Amber,Englishman;Bretagne,,,;,
,,,,,Yellow Amber,England,52.3555,-1.1743,52.3555;-1.1743,
,,,,,Yellow Amber,Bretagne (Brittany),48.1147,-1.6794,48.1147;-1.6794,
38r,p038r_1,stones,Saphir,Saphir,Sapphire,Saint Denis,48.9356,2.3539,48.9356;2.3539,
38r,p038r_4,stones,Ambre,Ambre,Amber,Brittany;English;Cardona;Monserrat,,,;,chimney;in a closed space
,,,,,Amber,Britanny,48.1147,-1.6794,48.1147;-1.6794,
,,,,,Amber,England,52.3555,-1.1743,52.3555;-1.1743,
,,,,,Amber,Cardona,41.913611,1.680556,41.913611;1.680556,
,,,,,Amber,Monserrat,41.591667,1.837778,41.591667;1.837778,
39r,p039r_2,cultivation;dyeing,Pastel,Pastel,Pastel woad,Lauragais;Lauragais;Carmail;Auragne,,,;,where the depth of the earth is so fertile;in one field & in the one close by it
,,,,,Pastel woad,Lauragais,43.2333,1.9833,43.2333;1.9833,
,,,,,Pastel woad,Lauragais,43.2333,1.9833,43.2333;1.9833,
,,,,,Pastel woad,Carmail (Caraman),43.5311,1.7583,43.5311;1.7583,
,,,,,Pastel woad,Auragne,43.3906,1.5092,43.3906;1.5092,
40r,p040r_3,household and daily life,Vinaigre,Vinaigre,Vinegar,Cardona;Catalonia;Spain,,,;,thunder storms
,,,,,Vinegar,Cardona,41.913611,1.680556,41.913611;1.680556,
,,,,,Vinegar,Catalonia,41.383333,2.183333,,
,,,,,Vinegar,Spain,40.433333,-3.7,40.433333;-3.7,
40v,p040v_1,painting,Croix des commandeurs  de malte,Croix des commandeurs de Malte,Cross of the commanders of Malta,Malta;Indian;Flanders,,,;,
,,,,,Cross of the commanders of Malta,Malta,35.9,14.516667,35.9;14.516667,
,,,,,Cross of the commanders of Malta,Indian (?),,,;,
,,,,,Cross of the commanders of Malta,Flanders,51.053611,3.725278,51.053611;3.725278,
43r,p043r_2,painting,Bronzure blanche sur plastre,Bronzure blanche sur plastre,White bronzing on plaster,England,52.3555,-1.1743,52.3555;-1.1743,
43r,p043r_4,painting;varnish,Bronzure blanche,Bronzure blanche,White bronzing,England,52.3555,-1.1743,52.3555;-1.1743,
44r,p044r_1,arms and armor,Portee dharquebus,Portï¿½ï¿½e dï¿½ï¿½ï¿,The range of an arquebus,Paris,48.85,2.35,48.85;2.35,
44v,p044v_1,tool,Tamis de poil de cheval,Tamis de poil de cheval,Horsehair sieves,Coustance;Normandy;Toulouse;Spain,,,;,
,,,,,Horsehair sieves,Coustance,49.05,-1.44,49.05;-1.44,
,,,,,Horsehair sieves,Normandy,48.8799,0.1713,48.8799;0.1713,
,,,,,Horsehair sieves,Toulouse,43.6047,1.4442,43.6047;1.4442,
,,,,,Horsehair sieves,Spain,40.433333,-3.7,40.433333;-3.7,
47r,p047r_4,metal process,Creusets,Creusets,Crucibles,Bayonne,43.49,-1.48,43.49;-1.48,
48v,p048v_1,metal process,Extraction de regulus,Extraction de regulus,Extraction of regulus,Montpellier,43.6108,3.8767,43.6108;3.8767,
50v,p050v_2,tool,Acier corroye et limes,Acier corroyï¿½ï¿½ et l,Curried steel and files,Germany;Biscay;Foix;Germany;Biscaye;Germans;Levantines,,,;,forges of Foix;mine
,,,,,Curried steel and files,Germany,51.1657,10.4515,51.1657;10.4515,
,,,,,Curried steel and files,Biscay,43.766667,-7.866667,43.766667;-7.866667,
,,,,,Curried steel and files,Foix,42.9664,1.6078,42.9664;1.6078,
,,,,,Curried steel and files,Germany,51.1657,10.4515,51.1657;10.4515,
,,,,,Curried steel and files,Biscaye,43.766667,-7.866667,43.766667;-7.866667,
,,,,,Curried steel and files,Germans,51.1657,10.4515,51.1657;10.4515,
,,,,,Curried steel and files,Levantines,31.783333,35.216667,31.783333;35.216667,
52r,p052r_1,cultivation;alchemy,Oeuvre faicte en Argel,Oeuvre faicte en Argel,The work done in Algiers,Algiers;Spain;Algiers,,,;,"warm & close place;from the ceiling, where the air <-or-> & sun dry it"
,,,,,The work done in Algiers,Algiers,36.753889,3.058889,36.753889;3.058889,
,,,,,The work done in Algiers,Spain,40.433333,-3.7,40.433333;-3.7,
53r,p053r_6,casting,Gect de plomb et cuivre,Gect de plomb et cuivre,Casting of lead and copper,Champaigne;Lyon,,,;,
,,,,,Casting of lead and copper,Champaigne,48.2997,4.0792,48.2997;4.0792,
,,,,,Casting of lead and copper,Lyon,45.764,4.8357,45.764;4.8357,
53v,p053v_1,cultivation;animal husbandry,Vers de soye,Vers de soye,Silkworms,Languedoc;Spain;Spain;France;Albensis;Cremonensis,,,;,"room accomodated with three or 4 levels of large shelves;thunder or rainy weather, cloud-covered & cool;room;room;weather is warm & serain"
,,,,,Silkworms,Languedoc ,43.666667,3.166667,43.666667;3.166667,
,,,,,Silkworms,Spain,40.433333,-3.7,40.433333;-3.7,
,,,,,Silkworms,Spain,40.433333,-3.7,40.433333;-3.7,
,,,,,Silkworms,France,48.85,2.35,48.85;2.35,
,,,,,Silkworms,Albensis? (Czeq Rep.?),,,;,
,,,,,Silkworms,Cremonensis (Cremona),45.133333,10.033333,45.133333;10.033333,
56r,p056r_2,varnish,Vernis pour destrempe,Vernis pour destrempe,Varnish for distemper,Ghent;Venice,,,;,
,,,,,Varnish for distemper,Ghent,51.053611,3.725278,51.053611;3.725278,
,,,,,Varnish for distemper,Venice,45.4408,12.3155,45.4408;12.3155,
56v,p056v_1,painting;varnish,Painctre,Painctre,Painter,Ghent;Italians;Flemish;Florence,,,;,workshop;dung heap
,,,,,Painter,Ghent,51.053611,3.725278,51.053611;3.725278,
,,,,,Painter,Italians,41.9028,12.4964,41.9028;12.4964,
,,,,,Painter,Flemish,51.053611,3.725278,51.053611;3.725278,
,,,,,Painter,Florence,43.771389,11.254167,43.771389;11.254167,
57v,p057v_2,painting,Painctre,Painctre,Painter,Venice;Flemish;Florence;Flanders;Florence;Florence;Cambray,,,;,humid weather
,,,,,Painter,Venice,45.4408,12.3155,45.4408;12.3155,
,,,,,Painter,Flemish,51.053611,3.725278,51.053611;3.725278,
,,,,,Painter,Florence,43.771389,11.254167,43.771389;11.254167,
,,,,,Painter,Flanders,51.053611,3.725278,51.053611;3.725278,
,,,,,Painter,Cambray (cambrai?),50.1767,3.2356,50.1767;3.2356,
58v,p058v_4,painting,Azur,Azur,Azure,Flanders,51.053611,3.725278,51.053611;3.725278,
58v,p058v_5,painting,Pinceaulx,Pinceaulx,Paintbrushes,Turkey;Acre,,,;,
,,,,,Paintbrushes,Turkey,41.016667,28.95,41.016667;28.95,
,,,,,Paintbrushes,Acre,32.927778,35.081667,32.927778;35.081667,
59r,p059r_1,varnish;painting,Ombres,Ombres,Shadows,Italians,41.9028,12.4964,41.9028;12.4964,
60r,p060r_1,painting,Blanchiment premier dun tableau,Blanchiment premier dun tableau,First whitening of a panel,Flemish,51.053611,3.725278,51.053611;3.725278,
60v,p060v_5,painting,Labeur des flamens,Labeur des Flamens,Work of the Flemish,Flemish,51.053611,3.725278,51.053611;3.725278,
61r,p061r_1,painting,Carnations,Carnations,Flesh colors,Florence,43.771389,11.254167,43.771389;11.254167,
61v,p061v_2,painting;varnish;practical optics,Chassis des allemans,Chassis des Allemans,Frames of the Germans,Germans;Germans,51.1657,10.4515,51.1657;10.4515,
63r,p063r_3,casting,Gect,Gect,Casting,Germans;Flanders,51.1657,10.4515,51.1657;10.4515,mine
63r,p063r_4,painting,Umbres,Umbres,Shadows,German,51.1657,10.4515,51.1657;10.4515,
63v,p063v_5,painting,Pers de flendres,Pers de Flendres,Flanders blue,Flanders,51.053611,3.725278,51.053611;3.725278,
66r,p066r_1,painting,Doubles couches,Doubles couches,Double layers,Flemish,51.053611,3.725278,51.053611;3.725278,
66r,p066r_5,varnish,Dorer mouleure de tableaulx dor mat,Dorer mouleure de tableaulx dï¿½ï¿½ï¿½,Gilding molding for panels with or mat,Flemish,51.053611,3.725278,51.053611;3.725278,in the sun;in the rain;in the rain
66r,p066r_6,painting,* Or mat,* Or mat,* Or mat,Flanders;Flanders;France,,,;,in the rain;in the rain
,,,,,* Or mat,Flanders,51.053611,3.725278,,
,,,,,* Or mat,France,48.85,2.35,,
66v,p066v_1,medicine,Garder de croistre les tetins               ou diminuer les trop grands,Garder de croistre les tetins               ou diminuer les trop grands,For preventing teats from swelling   or to diminish overly large ones,Venice,45.4408,12.3155,45.4408;12.3155,
67r,p067r_4,varnish,Vernis sur papier,Vernis sur papier,Varnish on paper,Germans,51.1657,10.4515,51.1657;10.4515,the first rain
68r,p068r_3,casting,Gect,Gect,Casting,Champagne,48.2997,4.0792,48.2997;4.0792,
69r,p069r_2,casting,Sable,Sable,Sand,bolvenes;Toulouse,,,;,sea;sandy paths;sun;quar<-reries->ries;rock caves;rocks;quarries;after rainy weather;rocks;near my area;in the sun
,,,,,Sand,bolvenes,,,;,
,,,,,Sand,Toulouse,43.6047,1.4442,43.6047;1.4442,
71r,p071r_3,household and daily life,Vin brusle et sucre,Vin bruslï¿½ï¿½ et su,Mulled and sugared wine,English;English,52.3555,-1.1743,52.3555;-1.1743,
71r,p071r_5,household and daily life,Eau de vye,Eau de vye,Eau-de-vie,Irish,53.416667,-8,53.416667;-8,
71v,p071v_2,household and daily life;animal husbandry,Graisse de mouton,Graisse de mouton,Sheep fat,England,52.3555,-1.1743,52.3555;-1.1743,
71v,p071v_3,household and daily life,Araigne,Araignï¿,Spider,Ireland;England,,,;,
,,,,,Spider,Ireland,53.416667,-8,53.416667;-8,
,,,,,Spider,England,52.3555,-1.1743,52.3555;-1.1743,
71v,p071v_4,casting,Sable,Sable,Sand,Toulouse;Carcassonne,,,;,
,,,,,Sand,Toulouse,43.6047,1.4442,43.6047;1.4442,
,,,,,Sand,Carcassonne,43.21,2.35,43.21;2.35,
72v,p072v_1,casting,Gect,Gect,Casting,Germans,51.1657,10.4515,51.1657;10.4515,
73r,p073r_1,wood and its coloring,Pour faire vernys pers,Pour faire vernys pers,For making blue varnish,Flanders,51.053611,3.725278,51.053611;3.725278,
73v,p073v_1,metal process,Pour le coucher,Pour le coucher,For coating it,Partenay,46.6462,-0.2478,46.6462;-0.2478,
73v,p073v_3,varnish,Aultre recepte pour faire verny,Aultre recepte pour faire verny,Another recipe for making varnish,Venice,45.4408,12.3155,45.4408;12.3155,
77r,p077r_2,medicine,Medecine des orientaulx contre  toutes maladies,Medecine des orientaulx contre  toutes maladies,Medicine of the orientals against all maladies,orientals ?,43.636,1.3906,43.636;1.3906,
80r,p080r_2,stones,Stuc blanc fort dur,Stuc blanc fort dur,Very hard white stucco,Venice,45.4408,12.3155,45.4408;12.3155,
81r,p081r_1,casting,Sable,Sable,Sand,Puy David;Thoulouse,,,;,on the little hill
,,,,,Sand,Puy David,45.5156,0.6476,45.5156;0.6476,
,,,,,Sand,Thoulouse,43.6047,1.4442,43.6047;1.4442,
81r,p081r_2,casting,Terre a mouler,Terre ï¿½ï¿½ mo,Earth for molding,Fosseret;Ox,,,;,
81r,p081r_4,casting,Carton,Carton,Carton,Florence,43.771389,11.254167,43.771389;11.254167,
84r,p084r_5,casting,Sable de mine de Th{ou}l{ous}e,Sable de mine de Th{ou}l{ous}e,Sand from a mine in Thoulouse,Thoulouse;Thoulouse;Puy David,,,;,"dry place;mine in Thoulouse;depths of the earth, from the small hill of Puy David"
,,,,,Sand from a mine in Thoulouse,Thoulouse,43.6047,1.4442,43.6047;1.4442,
,,,,,Sand from a mine in Thoulouse,Thoulouse,43.6047,1.4442,43.6047;1.4442,
,,,,,Sand from a mine in Thoulouse,Puy David (Saint-Martial-de-Valette),45.5156,0.6476,45.5156;0.6476,
85r,p085r_2,household and daily life;decorative,Colle,Colle,Glue,Flemish,51.053611,3.725278,51.053611;3.725278,
85v,p085v_4,casting,Sables experimentes,Sables experimentï¿½,Experimented sands,Th{oulous}e,43.6047,1.4442,43.6047;1.4442,mine;out of the wind
87r,p087r_1,casting,Sable de Th{ou}l{ous}e,Sable de Th{ou}l{ous}e,Sand from Thoulouse,Thoulouse;Puy David;Touch;Sainct Michel;Blagnac,,,;,vineyard;vineyard that is quite high up
,,,,,Sand from Thoulouse,Thoulouse,43.6047,1.4442,43.6047;1.4442,
,,,,,Sand from Thoulouse,Puy David (Saint-Martial-de-Valette),45.5156,0.6476,45.5156;0.6476,
,,,,,Sand from Thoulouse,Sainct Michel du Tough,43.1683,1.0856,43.1683;1.0856,
,,,,,Sand from Thoulouse,Blagnac,43.636,1.3906,43.636;1.3906,
87v,p087v_3,casting,Sable de mine de Th{ou}l{ous}e,Sable de mine de Th{ou}l{ous}e,Sand of the mine of Thoulouse,Thoulouse,43.6047,1.4442,43.6047;1.4442,mine;mine;deep in the earth;higher up
89v,p089v_2,casting;glass process,Sable de mine blanc des verriers  mesle de sel armoniac,Sable de mine blanc des verriers  meslï¿½ï¿½ de sel armo,"Glassmakersï¿½ï¿½ï¿½ white sand from the mine, mixed with sal am",Cominge;Aurignac,,,;,mine;town
,,,,,"Glassmakersï¿½ï¿½ï¿½ white sand from the mine, mixed with sal am",Cominge,43.21,2.35,43.21;2.35,
,,,,,"Glassmakersï¿½ï¿½ï¿½ white sand from the mine, mixed with sal am",Aurignac,43.2194,0.8803,43.2194;0.8803,
90r,p090r_2,casting,Sable,Sable,Sand,Foix,42.9664,1.6078,42.9664;1.6078,
90r,p090r_3,casting,Que tout sable se peult rendre bon,Que tout sable se peult rendre bon,That any sand can be rendered good,bonnes villes;Lyon;Venice;Paris near the Sainct Chappelle,,,;,mine;from the depths of the sand-bed;near the rocks in mountainous areas;lean territories;in the surroundings of all the bonnes villes;close to their house;mine
,,,,,That any sand can be rendered good,bonnes villes,,,;,
,,,,,That any sand can be rendered good,Lyon,45.764,4.8357,45.764;4.8357,
,,,,,That any sand can be rendered good,Venice,45.4408,12.3155,45.4408;12.3155,
,,,,,That any sand can be rendered good,Paris near the Sainct Chappelle,48.855278,2.345,48.855278;2.345,
90v,p090v_2,cultivation,Orangers,Orangers,Orange trees,Italy;Lombardy,,,;,gardens
,,,,,Orange trees,Italy,41.9028,12.4964,41.9028;12.4964,
,,,,,Orange trees,Lombardy,45.585556,9.930278,45.585556;9.930278,
94r,p094r_1,arms and armor,Fourbisseur,Fourbisseur,Furbisher,Spanish;Vienne;Dauphinï¿½ï¿½;Spanish;Vi,,,;,sea
,,,,,Furbisher,Spain,40.433333,-3.7,40.433333;-3.7,
,,,,,Furbisher,Vienne,45.5242,4.8781,45.5242;4.8781,
,,,,,Furbisher,Dauphine,43.666667,3.166667,43.666667;3.166667,
97v,p097v_1,varnish,Vernis de mastic sec en demye  heure,Vernis de mastic sec en demye  heure,Mastic varnish dry in a half hour,Italians,41.9028,12.4964,41.9028;12.4964,
101v,p101v_3,varnish,Vernis,Vernis,Varnish,Germans,51.1657,10.4515,51.1657;10.4515,
102r,p102r_4,glass process,Vaisseaulx de verre,Vaisseaulx de verre,Glass vessels,Dutch,52.366667,4.883333,52.366667;4.883333,
102v,p102v_1,painting;glass process,Paindre sur cristal ou verre,Paindre sur cristal ou verre,Painting on crystal or glass,Acre,32.927778,35.081667,32.927778;35.081667,
103r,p103r_2,medicine,Contre la galle des chiens,Contre la galle des chiens,Against dogsï¿½ï¿½ï¿½,English,52.3555,-1.1743,52.3555;-1.1743,
106r,p106r_1,casting,Pour gect,Pour gect,For casting,Germany,51.1657,10.4515,51.1657;10.4515,
106r,p106r_2,casting,Faire courre lOr pour gect,Faire courre lï¿½ï¿½ï¿½or pou,Making gold run for casting,Paris,48.85,2.35,48.85;2.35,
107r,p107r_1,casting,Pour prendre lezards  et serpents,Pour prendre lezards  et serpents,Catching lizards and snakes,France;Rouan;Germany;Augsburg,,,;,in water
,,,,,Catching lizards and snakes,France,48.85,2.35,48.85;2.35,
,,,,,Catching lizards and snakes,Rouan (rouen?),49.442778,1.088611,49.442778;1.088611,
,,,,,Catching lizards and snakes,Germany,51.1657,10.4515,51.1657;10.4515,
,,,,,Catching lizards and snakes,Augsburg,48.368889,10.897778,48.368889;10.897778,
108r,p108r_2,casting,Spalt,Spalt,Spalt,Champagne (Troyes),48.2997,4.0792,48.2997;4.0792,earth;quarry
109r,p109r_1,casting;wax process,Esbaucher en cire,Esbaucher en cire,Modeling in wax,Italians,41.9028,12.4964,41.9028;12.4964,
119r,p119r_1,casting,Advertisseme{n}t sur ce que dessus,Advertisseme{n}t sur ce que dessus,Advice about the above,Germany,51.1657,10.4515,51.1657;10.4515,
119v,p119v_1,casting,Facon dacoustrer le  spat,Facon dï¿½ï¿½ï¿½acoustrer le,Fashion of preparing  spat,Germany,51.1657,10.4515,51.1657;10.4515,
120r,p120r_2,casting,Sable pour gecter en or,Sable pour gecter en or,Sand for casting in gold,Germany,51.1657,10.4515,51.1657;10.4515,
121v,p121v_2,casting,Argent a gecter,Argent a gecter,Silver for casting,Capital ( paris france?),,,;,
125r,p125r_1,casting,Plastre,Plastre,Plaster,Germany,51.1657,10.4515,51.1657;10.4515,rain;on the houses
125r,p125r_2,arms and armor;casting,Symeterres,Symeterres,Scimitars,Damascus;Hungary;Turks,,,;,
,,,,,Scimitars,Damascus,33.513056,36.291944,33.513056;36.291944,
,,,,,Scimitars,Hungary,47.433333,19.25,47.433333;19.25,
,,,,,Scimitars,Turks,41.016667,28.95,41.016667;28.95,
128r,p128r_1,casting,Gecter en argent et or,Gecter en argent et or,Casting in silver and gold,capital,,,;,
128v,p128v_1,casting;metal process,Blanchiment de largent gecte,Blanchiment de lï¿½ï¿½ï¿½argent ,Whitening of cast silver,Germans;France;German,,,;,
,,,,,Whitening of cast silver,Germans,51.1657,10.4515,51.1657;10.4515,
,,,,,Whitening of cast silver,France,48.85,2.35,48.85;2.35,
136v,p136v_1,casting,Pour gecter en letton,Pour gecter en letton,For casting in latten,German;German,51.1657,10.4515,51.1657;10.4515,the air;the wind;wind
137r,p137r_2,casting;metal process,Huile tingente pour fayre  courre les metaux,Huile tingente pour fayre  courre les metaux,Huile tingente to make metals run,Venice,45.4408,12.3155,45.4408;12.3155,cold & humidity;spring of water in the pit
137v,p137v_1,casting,Destremper sable pour moule de  medailles plattes,Destremper sable pour moule de  medailles plattes,Tempering sand for molds of flat medals,Germany,51.1657,10.4515,51.1657;10.4515,
143r,p143r_1,casting,Mouler tortues,Mouler tortues,Molding turtles,garrigue;garrigue;garrigue,,,;,water;garrigue;water;garrigue;water;garrigue;cold;in the earth;under wheat chaff or warm manure
143r,p143r_2,casting,Mouleurs de foix,Mouleurs de Foix,Molders from Foix,Foix,42.9664,1.6078,42.9664;1.6078,
144r,p144r_1,casting,Tortues,Tortues,Turtles,garrigue,,,;,water;garrigue;water
146v,p146v_1,casting,Mouler tortues,Mouler tortues,Molding turtles,garrigue,,,;,water;garrigue
149r,p149r_1,metal process,Ramollir le fer et le rendre fort  doux,Ramollir le fer et le rendre fort  doux,Softening iron and rendering it very soft,Venice,45.4408,12.3155,45.4408;12.3155,
149r,p149r_2,metal process,Or bas dallemaigne electre,"Or bas dï¿½ï¿½ï¿½Allemaigne, e","Base gold from Germany, electrum",Germany;Rhine;Germany,,,;,rivers
,,,,,"Base gold from Germany, electrum",Germany,51.1657,10.4515,51.1657;10.4515,
,,,,,"Base gold from Germany, electrum",Rhine (germany),50.02,8.01,50.02;8.01,
,p149r_3,metal process,Divers arts dallemaigne,Divers arts dï¿½ï¿½ï¿½Alle,Various arts from Germany,Germany,51.1657,10.4515,51.1657;10.4515,water
152r,p152r_1,casting,Mouler un rat,Mouler un rat,Molding a rat,Syracuse,37.069167,15.2875,37.069167;15.2875,in the cold
156v,p156v_1,casting,Mouler une mousche,Mouler une mousche,Molding a fly,Lorraine,48.8744,6.2081,48.8744;6.2081,pantries
159v,p159v_4,casting,Plastre seul,Plastre seul,Plaster alone,Paris;Spain;Germans,,,;,lean & dry earth;fountains
,,,,,Plaster alone,Paris,48.85,2.35,48.85;2.35,
,,,,,Plaster alone,Spain,40.433333,-3.7,40.433333;-3.7,
,,,,,Plaster alone,Germans,51.1657,10.4515,51.1657;10.4515,
162r,p162r_1,La boutique,Pour la boutique,Pour la boutique,For the workshop,Portuguese;Phoenicians;Red Sea;coast of Greece;Argos;Egypt;Assyria;Greeks;coast of Colchis;river Phasis;Delphi;Delphos;Delphis,,,;,workshop;workshop
,p162r_2,,,,For the workshop,Phoenicians,,,;,
,,,,,,Portuguese,38.766667,-9.15,,
,p162r_3,,,,For the workshop,Red Sea,,,;,
,p162r_4,,,,For the workshop,coast of Greece,37.966667,23.716667,37.966667;23.716667,
,p162r_5,,,,For the workshop,Argos,,,;,
,p162r_6,,,,For the workshop,Egypt,,,;,
,p162r_7,,,,For the workshop,Assyria,,,;,
,p162r_8,,,,For the workshop,Greeks,37.966667,23.716667,37.966667;23.716667,
,p162r_9,,,,For the workshop,coast of Colchis,,,;,
,p162r_10,,,,For the workshop,river Phasis,,,;,
,p162r_11,,,,For the workshop,Delphi,,,;,
,p162r_12,,,,For the workshop,Delphos,,,;,
,p162r_13,,,,For the workshop,Delphis,,,;,
162v,p162v_2,cultivation,Oliviers,Oliviers,Olive trees,Spain,40.433333,-3.7,40.433333;-3.7,
163r,p163r_1,household and daily life;tool,Parfumeur,Parfumeur,Perfumer,England;Portuguese,,,;,silver spoon that one uses at the table
163r,,,,,Perfumer,England,52.3555,-1.1743,52.3555;-1.1743,
163r,,,,,Perfumer,Portuguese,38.766667,-9.15,38.766667;-9.15,
163v,p163v_2,metal process,Crocum,Crocum,Crocum,Levant,31.783333,35.216667,31.783333;35.216667,
164r,p164r_3,casting,Argent plombeus,Argent plombeus,Leady silver,Spain;France,,,;,
164r,,,,,Leady silver,Spain (madrid),40.433333,-3.7,40.433333;-3.7,
164r,,,,,Leady silver,France (paris),48.85,2.35,48.85;2.35,
166r,p166r_1,La boutique,Pour la boutique,Pour la boutique,For the workshop,Eleusis;Hebrews;Latins;Greeks;Egyptians;Sicilians;Tyana;Greek,,,;,workshop;house;workshop;house
,,,,,For the workshop,Eleusis,38.033333,23.533333,38.033333;23.533333,
,,,,,For the workshop,Hebrews,31.783333,35.216667,31.783333;35.216667,
,,,,,For the workshop,Latins (rome),41.893333,12.482778,41.893333;12.482778,
,,,,,For the workshop,Greeks,37.966667,23.716667,37.966667;23.716667,
,,,,,For the workshop,Egyptians,30.033333,31.216667,30.033333;31.216667,
,,,,,For the workshop,Sicilians,38.111111,13.351667,38.111111;13.351667,
,,,,,For the workshop,Tyana,37.848056,34.611111,37.848056;34.611111,
,,,,,For the workshop,Greek,37.966667,23.716667,37.966667;23.716667,
166v,p166v_3,household and daily life,Bougie odorante du mans,Bougie odorante du Mans,Scented candle from Le Mans,Le Mans;France;Burgundy,,,;,
,,,,,Scented candle from Le Mans,Le Mans,48.0061,0.1996,48.0061;0.1996,
,,,,,Scented candle from Le Mans,Burgundy,47.0525,4.3837,47.0525;4.3837,
169v,p169v_1,casting,Mouler fort tanvre  co{mm}e font les bimbalotiers,Mouler fort tanvre  co{mm}e font les bimbalotiers,Molding very thin like bimbalotiers do,Istre,43.5151,4.9895,43.5151;4.9895,
170v,p170v_1,manuscript structure,[Premiï¿½ï¿½re page d'origine (1578ï¿½ï¿,[Premiï¿½ï¿½re page d'origine (1578ï¿½ï¿,[Original first page (1578ï¿½ï¿½ï¿½,Saint-Frajou,43.3347,0.85,43.3347;0.85,
170v,p170v_4,lists,[Liste de livres],[Liste de livres],[List of books],Mechliniensis (Mechelen),51.027778,4.480556,51.027778;4.480556,
,,,,,,,,,;,
,,,,,,,,,;,
,,,,,,,,,;,
,,,,,,,,,;,
,,,,,,,,,;,
